,gtin,desc_karf,desc_long,desc_short,name,img_path,label
48,00072250011372,Wonder Classic White Bread 20 oz,You'll get one  oz loaf of Wonder Classic Sliced White BreadTwo slices of Wonder Classic White sandwich bread has as much calcium as an  oz glass of milkBreakfast lunch and dinner — Wonder fits into every meal from French toast bread to PB&Js to garlic breadFor over  years Wonder has been bringing delicious tasting soft textured bread to the tableFeed Your Joy with Wonder classics like white bread hamburger and hot dog buns and dinner rolls,Soft fluffy and delicious Wonder® Classic White Bread offers unbeatable taste that will delight all ages. Wonder Classic sliced white bread is the bread that made Wonder a household name. With added calcium vitamins and minerals this sliced bread loaf makes great toast French toast or the perfect base for effortless sandwich and snack creations. Each serving of Wonder Classic sandwich bread is a good source of folate and a low fat food plus two slices have as much calcium as an  oz. glass of milk. Feed your joy with Wonder! Since  Wonder has been bringing delicious tasting soft textured bread to the table and pleasing generations of families in the process! Today Wonder is still enjoyed by millions of Americans across the nation where it’s packed in lunchboxes served in restaurants and craved by those young and old.,Wonder Bread Classic White Sandwich Bread Sliced White Bread  oz Loaf,1514,1514
42,00048500202746,nan,  Includes  ( fl oz) bottle of Tropicana Pure Premium Original No Pulp  Never from Concentrate  Add Tropicana Orange Juice to your daily routine for a delicious and convenient source of vitamin C  Tropicana Orange Juice contains important nutrients including potassium and folic acid  Kosher,Tropicana  Pure Premium Orange Juices are a great tasting and easy way to achieve a power-pack of nutrients with no added sugar. Tropicana Juices have the delicious taste you love and are a convenient way to get more Vitamin C in your diet. This  fl oz bottle has no pulp and is % Juice!,Tropicana Pure Premium Original No Pulp % Orange Juice  oz Bottle,1418,1418
35,00044000033279,Oreo Family Size 19.1oz,One  oz family size package of OREO Chocolate Sandwich Cookies (packaging may vary)Chocolate wafers filled with original OREO creme make great afternoon snacksSandwich cookies are supremely dunkable cookies for children and adultsFamily size OREO sandwich cookies of bulk cookies are great for sharing and entertainingResealable package helps keep snack cookies freshHighlights:One  oz family-size package of OREO Chocolate Sandwich Cookies Chocolate wafers filled with original OREO creme Sandwich cookies are perfectly dunkable Family-size cookies are great for sharing with friends and family Resealable package helps keep snack cookies freshOur mission at Mondelēz International is to create more moments of joy and build the best snacking company in the world by growing our people growing our business and growing our impact on the world around us.,Take a delicious break with OREO Chocolate Sandwich Cookies America's favorite sandwich cookie for over  years. Supremely dunkable OREO cookies sandwich a rich creme filling between the bold taste of two chocolate wafers--making them milk's favorite cookie. Original OREO chocolate sandwich cookies are great for serving as a dessert or as party snacks at your next gathering or for packing sweet snacks with lunch at school or work. You can even mix these bulk cookies into your favorite dessert recipe for something a little extra special. The resealable OREO packages with easy-pull tab keep chocolate cookies fresh and is great for snacking sharing or traveling. Grab a OREO cookies family size package so you're ready for any snacking occasion.,OREO Chocolate Sandwich Cookies Family Size  oz,1381,1381
3,00012000001314,Mountain Dew Soda 20 Oz,The original the one that started it all?Mtn Dew.Intense refreshment.Open a cold bottle of Mtn Dew and refresh your taste buds.#DOTHEDEW #MTNDEW,Mtn Dew exhilarates and quenches with its one of a kind bold taste.,Mountain Dew Citrus Soda Pop  oz. Bottle,1342,1342
24,00028400589895,Cheetos Fl Hot Crnch Chz 8.5oz,Made with real cheeseLarge bag is perfect for sharingDelicious flamin’ hot flavorCHEETOS snacks are the much-loved cheesy treats that are fun for everyone,Hot spicy flavor packed into crunchy cheesy snacks. CHEETOS Crunchy FLAMIN’ HOT Cheese Flavored Snacks are full of flavor and made with real cheese.,Cheetos Crunchy Flamin' Hot Cheese Flavored Snacks  oz Bag,1339,1339
69,00078742374277,GV Unsalted Sweet Cream Butter16Oz,Great Value Sweet Cream Unsalted Butter  Count  oz: ozUnsaltedGluten-freeGreat Value unsalted butter contains milkKeep refrigeratedPackage includes  sticksContains only  calories per servingMade with natural flavors,This Great Value Sweet Cream Butter offers a creamy delicious flavor that you can seamlessly incorporate into any meal or snack. Rely on it to elevate your morning toast set it on the table for buttering dinner rolls or use it to top off a banana bread dessert. Each box of Great Value unsalted butter includes four full sticks to ensure you have plenty for the whole household. Nutrition-conscious eaters can rest assured that the butter is naturally flavored free of additives. Keep it on hand to satisfy your craving for buttery goodness. It's divided into a -count of  oz sections to make it easy to work with. This butter can be used in a variety of dishes to enhance flavors with its creamy blend. It comes in a box for easy storage when not in use. It will make a helpful addition to the rest of your ingredients. The Great Value Sweet Cream Butter should be refrigerated to retain optimal flavor.,Great Value Unsalted Sweet Cream Butter  oz  Sticks,1301,1301
21,00021000612239,Philadelphia Orig Cream Chse 8Oz,One  oz. package of Philadelphia Original Cream CheeseOur cream cheese is made fresh milk and real creamPhiladelphia Cream Cheese is made with five simple ingredientsContains no preservativesMakes creamy cheesecake easy calories per servingKeep refrigeratedCertified Kosher cream cheese,Philadelphia Cream Cheese is made with fresh milk and cream and has been since we invented Philadelphia cream cheese in . Our original cream cheese is made with five simple ingredients. It's perfect for making rich creamy cheesecake for any get-together or occasion. Discover just how easy it is to make cheesecake with Philadelphia. You can also try it for other delicious recipes like dips appetizers and cream cheese frosting. Each original cream cheese block comes in an eight-ounce box.,Philadelphia Original Cream Cheese  oz Brick,1172,1172
71,00781138710183,On The Brdr Cafe Styl Tortlla Chp 18oz,On The Border Cafe Style Tortilla Chips  oz:On The Border Mexican Grill and Cantina tasteCrispy Mexican tortilla chipsEnjoy with your favorite salsas and dipsJust like the On The Border tortilla chips featured at On The Border Mexican Cafe restaurants-oz bag of chips,Bring a traditional Mexican taste to your snack foods with a bag of the On The Border Cafe Style Tortilla Chips  oz. These crispy tortilla chips are entirely gluten-free and are seasoned with sea salt instead of regular table salt. These tortilla chips come in a large -oz bag that can be enjoyed as a snack or with others. The On The Border tortilla chips can be eaten as is or they can be paired with delicious salsas or dips. These tortilla chips offer the same cantina taste that is enjoyed at the restaurants.,On The Border Cafe Style Tortilla Chips  Oz.,910,910
11,00016000123151,nan,INCLUDES: One () -ounce box of Honey Nut Cheerios Whole Grain Oats Breakfast CerealWHOLE GRAINS: This cold cereal is made with % whole grain oats real honey and natural almond flavorGLUTEN FREE: With no artificial flavors or colors this gluten-free cereal provides a good source of iron and calciumHEART HEALTHY: One serving of Honey Nut Cheerios contains  grams of soluble fiber an important part of a heart-healthy dietTRY THEM ALL: If you love a bowl full of Os also try Multi Grain Cheerios Apple Cinnamon Cheerios and moreBOX TOPS FOR EDUCATION: Proud to support schools and teachers as an official participating product,Each family-size box of Honey Nut Cheerios breakfast cereal has the irresistible taste of golden honey and natural almond flavor that your whole family will enjoy. Made with % whole grain oats each serving of little O's contains  grams of soluble fiber which may reduce the risk of heart disease when paired with a diet low in saturated fat and cholesterol. Pour a bowl of this gluten-free cereal for breakfast or pack it in a to-go container for a fun kids' snack. Either way the honey-sweet taste of Cheerios makes every bowl un-bee-lievably tasty.,Honey Nut Cheerios Gluten-Free Breakfast Cereal  oz,837,837
18,00019200793292,Lysol Crisp Linen Disinfec Spry 19oz,DISINFECTANT SPRAY KILLS % OF VIRUSES AND BACTERIA: Lysol Disinfectant Spray is tested and proven to kill % of viruses and bacteria including COVID-/Coronavirus* (when used as directed); EPA Reg #-​.ANTIBACTERIAL BLEACH-FREE DISINFECTANT : this Lysol disinfecting product should work as hard as you do; this household disinfectant kills over  illness causing germs including cold and flu viruses.** (**when used as directed)​DISINFECTING SPRAY FOR GERMS: This disinfecting spray eliminates messes and % of germs and odor causing bacteria.SANITIZING SPRAY FOR HARD AND SOFT SURFACES : This fast-acting spray disinfects hard non-porous contact surfaces and sanitizes surfaces. A LEADER IN DISINFECTION: Looking for some of our other best household disinfectant cleaning products? Try Lysol Disinfectant Cleaning Wipes Lysol All Purpose Cleaners and Lysol Bathroom Cleaners (packaging may vary).,"Lysol Disinfectant Spray kills % of bacteria and viruses including cold flu and coronavirus (when used as directed). This disinfectant spray sanitizes disinfects and eliminates odors. Use this disinfecting spray on high touch hard surface areas. Let Lysol bring you and your family peace of mind when it comes to disinfecting against germs. You can also use this disinfecting spray on soft surfaces like couches coats sports bags strollers and backpacks. How to Use Lysol Disinfecting Spray? To Sanitize and Disinfect: Pre-clean surface. Hold can upright "" to "" from surface. Spray  to  seconds until covered with mist. To Sanitize: surfaces must remain wet for  seconds then allow to air dry. To Disinfect: hard surfaces must remain wet for  minutes then allow to air dry and soft surfaces must remain wet for  minutes and then allow to air dry. To Control Mold and Mildew: () Apply to a pre-cleaned surface. () Allow to remain wet for  minutes. () Let air dry. () Repeat applications in weekly intervals or when mold and mildew growth appears. For more than a century Lysol has been helping to protect families from illness-causing germs. To learn more about our mission and find further disinfecting solutions solutions for household cleaning and disinfectant spray products visit our website or check out our instagram. ​",Lysol Disinfectant Spray Sanitizing and Antibacterial Spray For Disinfecting and Deodorizing Crisp Linen  fl oz,596,596
49,00072250037068,Nature's Own Sliced Honey Wheat Bread,You'll get one  oz loaf of Nature's Own Honey Wheat BreadSoft wheat bread slices lightly sweetened with a touch of honeyNo artificial preservatives colors or flavors and no high fructose corn syrupPair this sandwich bread with honey ham or classic peanut butter and jellyPile on the goodness with Nature's Own sliced breads buns and rollsNo High Fructose Corn Syrup,Savor some goodness with Nature's Own® Honey Wheat Bread. It has many uses in the kitchen. Try using it for toast sandwiches breadcrumbs and more. This enriched bread is free of saturated fat and contains no cholesterol. It contains only g of sugars and  calories per serving. Free of color or artificial flavors this cholesterol-free bread is also made without artificial preservatives. It contains no high fructose corn syrup and no trans fat. Made with honey this sliced bread has a sweet taste that's designed to appeal to almost everyone.,Nature's Own® Honey Wheat Bread  oz. Loaf,490,490
45,00049000067217,Coca-Cola Mini-Cans 7.5 fl oz 10 Pack, cans of Coca-Cola Original Taste—the refreshing crisp taste you know and loveGreat taste since  mg of caffeine in each  oz serving FL OZ in each canThis sparkling beverage is best enjoyed ice-cold for maximum refreshment,Soda. Pop. Soft drink. Sparkling beverage. Whatever you call it nothing compares to the refreshing crisp taste of Coca-Cola Original Taste the delicious soda you know and love. Enjoy with friends on the go or with a meal. Whatever the occasion wherever you are Coca-Cola Original Taste makes life’s special moments a little bit better. Carefully crafted in  its great taste has stood the test of time. Something so delicious so unique and so familiar it’s what makes you think “Coca-Cola” whenever you hear “soft drink.” Between that perfect taste and refreshing fizz it’s sure to give you that “ahhh” moment whenever you want it. Coca-Cola is available in many different options in addition to Original Taste including a variety of all-time favorite flavors like Coca-Cola Cherry and Coca-Cola Vanilla. Looking for something zero sugar or caffeine free? Then look no further than Coca-Cola Zero Sugar and Coca-Cola Caffeine Free. Whatever you’re looking for in a soda there’s a Coca-Cola to satisfy your taste buds. Every sip every “ahhh” every smile—find that feeling with Coca-Cola Original Taste. Best enjoyed ice-cold for maximum refreshment. Grab a Coca-Cola Original Taste take a sip and find your “ahhh” moment. Enjoy Coca-Cola Original Taste.,Coca-Cola Original Soda Pop  Fl Oz  Pack Cans,473,473
33,00043000071519,MCCAFE PREMIUM ROAST30OZ,TASTE: Brew the deliciously familiar taste from McCafé into the comfort of your own home. This medium roast blend is simply satisfying with a rich aroma smooth body and clean finish.ROAST: Medium Roast caffeinated coffee made with Arabica beans and certified Orthodox Union KosherSUSTAINABILITY: We use % Responsibly Sourced coffee to support a healthier planet and an improved quality of life for farming communitiesQUALITY: We start with premium Arabica beans then expertly roast in a temperature-controlled environment to bring out the best taste every time.QUANTITY:  oz of ground coffee,Before you set off to conquer the day grab a cup of McCafé® Premium Roast — a simple delicious put-a-spring-in-your-step kind of coffee blend. This medium roast coffee blend is simply satisfying with a rich aroma smooth body and clean finish.. We start with % premium Arabica coffee beans carefully harvested from the rich soils and mountainous regions of the foremost coffee-growing areas of the world. Then we expertly roast them in a temperature-controlled environment to bring out the best taste in every cup every time. Once roasted the beans are packed into specially designed coffee cans that keep air out and freshness in. For a delicious McCafé at home taste use one to two tablespoons of ground coffee for every six ounces of water. To keep the good going we use only % Responsibly Sourced coffee. That means we support a healthier planet and an improved quality of life for farming communities. This package contains light roast caffeinated coffee from % Arabica beans. They have been certified Orthodox Union Kosher. With this purchase you can be assured of premium quality. Simple. Delicious. Brew good by the cupful.,McCafe Premium Roast Ground Coffee Medium Roast  oz Canister,471,471
9,00013130006125,Crm of WhtEnriched Farina 28 Oz,  One  oz box of Cream of Wheat Original Hot Cereal.  &nbsp;Ground wheat instant hot cereal that is easy to prepare and has a smooth creamy texture.  Cream of Wheat instant cereal provides  essential vitamins is kosher and a good source of iron and calcium  &nbsp;Instant porridge is naturally fat-free cholesterol-free and low in sodium when prepared with water and without salt.  &nbsp;Stove top Cream of Wheat is ready in  minutes.  Add additional flavor to instant Cream of Wheat cereal by stirring in fresh fruit and nuts for a nutritious meal,Cream of Wheat Original Hot Cereal is a ground wheat instant hot cereal that is easy to prepare and has a smooth creamy texture. A hot delicious bowl of Cream of Wheat provides a nutritious meal that the whole family will enjoy or a quick snack for a busy morning. Cream of Wheat instant hot cereal provides  essential vitamins is kosher and a good source of iron and calcium. This traditional hot cereal is also a naturally fat-free and cholesterol-free food that is also low in sodium when prepared with water and without salt. Prepare this traditional stove top Cream of Wheat hot breakfast cereal in  minutes by stirring boiling water or milk into the ground wheat. Simply simmer and stir. For faster and easier preparation cook Cream of Wheat hot cereal in a microwave to enjoy a convenient hot breakfast. Add additional flavor to instant Cream of Wheat cereal by stirring in some fresh fruit and your favorite nuts. instant hot cerealcream of wheat hot cerealcream of wheatcream of wheat instant hot cerealinstant cream of wheat cream of wheat instantcream of wheat cerealinstant cereal porridge hot breakfast cerealstove top.,Cream of Wheat Original Hot Cereal Kosher  OZ Box  Min,459,459
31,00039278322002,Tiger Balm Pain Relieving Patch 5ct,( Pack) Tiger Balm Pain Relieving Patch   Tiger Balm Pain Relieving Patches in a reusable convenient zip pouch  Provides strong convenient and targeted muscle pain relief for hours for minor aches and pains  These medicated pain patches aren’t messy or greasy and won’t stain clothing  The ventilated hydrogel patch contours to your body to deliver optimal comfort and relief,Are your muscles sore from poor posture or a tough workout? Recharge and revitalize them with Tiger Balm Pain Relief Patches. Whether you have knee pain from training for a marathon lumbar pain from sitting for too long or even neck pain from texting or gaming our patches are sure to help. Too tired to give yourself a shoulder and back massage after a long day? That’s where our pain relief patches come in.  Combining Tiger Balm’s blend of herbal ingredients with the clean and simple application of a patch Tiger Balm Pain Relieving Patches provide strong convenient and targeted muscle pain relief for hours. Our medicated pain patches aren’t messy or greasy and won’t stain clothing. The ventilated hydrogel patch contours to your body to deliver optimal comfort and relief.,( Pack) Tiger Balm Pain Relieving Patch,448,448
25,00030100112334,Keebler Club Snck Stacks Crckrs 18.8oz,Kellogg's Club Crackers Lunch Snack Packs Original  Ct  Oz BoxLight flaky buttery taste with a hint of salt; Deliciously crafted for simple snacking at home school work and on the goCrisp crackers with classic buttery flavor taste with the perfect snack size portionNo artificial colors or flavors; Cholesterol free (g monounsaturated fat g polyunsaturated fat); Low in saturated fat (g total fat per serving); Contains wheat and soy; Kosher DairyPortable snack sure to please everyone; Try with dips spreads cheese and other toppingsIncludes  -ounce Family Size box of ready-to-eat crackers; Packaged for freshness and great taste,Savor the light flaky buttery taste of Club Crackers wherever you go with Snack Stacks. Includes  -ounce Family Size box with  stacks of crackers made with no artificial colors or flavors. Perfect for packing in work bags and lunch totes. Enjoy them on their own or with cheese dips spreads or toppings. As easy win with no cholesterol (g monounsaturated fat g polyunsaturated fat) and low in saturated fat (g total fat per serving); Stock irresistible individually wrapped Snack Stacks in your pantry as a fun easy-to-grab treat for everyone. Make them a part of preparing quick casual meals. Grab a conveniently packaged stack for car rides commutes meetings events sports games and just about anywhere life takes you. Your schedule might not always be simple but snacking can be with the light crunch and buttery deliciousness of Kellogg's Club Snack Stacks Crackers.,Kellogg's Club Crackers Lunch Snack Packs Original  Ct  Oz Box,442,442
6,00012000809965,Mountain Dew 12 Oz /12 Ct,  Crack open a cold can of Mtn Dew and refresh your taste buds #DOTHEDEW #MountainDew  The original the one that started it all...Mtn Dew  Chuggable intense refreshment  Includes ()  oz cans of Mtn Dew,The original the one that started it all...Mtn Dew soda exhilarates and quenches with its one of a kind bold taste.,Mountain Dew Citrus Soda Pop  oz  Pack Cans,442,442
47,00051500062005,Smucker's Natural Chunky Peanut Butter,Contains -  Ounce Jar of Smucker's Natural Chunky Peanut ButterChunky peanut butter made with peanuts and saltGluten free Non-GMO (Certified NSF Non-GMO True North by NSF International) with g (% DV) of protein per serving (See nutrition information for fat and saturated fat content)Perfect for pairing with Smucker's famous jams and jellies for a great PB and JGreat in cookies dips or added to your morning smoothie,Stir up something special with Smucker’s Natural Chunky Peanut Butter made with two ingredients: peanuts and salt. This chunky peanut butter is great for classic sandwiches and snacks and also adds just the right crunch to recipes dips and dressings. Sweet or savory Smucker’s Natural Chunky Peanut Butter brings  grams (% DV) of protein per serving (See nutrition information for fat and saturated fat content) to snack time lunch time and beyond.,Smucker's Natural Chunky Peanut Butter  Ounces,441,441
44,00049000025422,Diet Coke Caffeine Free 16.9oz 6 pk,A delicious crisp sparkling cola that gives you the refreshment you wantNo calories sugar-freeCaffeine free because we know not everyone drinks caffeine FL OZ per bottle of diet sodaYour perfect everyday pleasure,Crisp cold and reliable this is your everyday wing (wo)man—Diet Coke. Your deliciously fizzy go-to companion. This is the kind of sugar-free soda that you want throughout your day. Whether you’re looking for a refreshing start to your day or to refresh your afternoon you'll never be lost with a Diet Coke. Diet Coke always hits the spot. Alongside meals celebrations or just your friends in your backyard at any time of day. In fact it’s basically a friend itself. Because it’s the best kind of familiar and something you never have to second guess. You trust it and it’s always there for you whenever you want it. With no caffeine added Diet Coke Caffeine Free has a crisp cold taste that gets you excited. And if you’re looking to delight your taste buds even more there’s a host of different Diet Coke flavors to satisfy your needs. Really it’s the diet cola you know you can turn to no matter what you’re looking for. So when you want a diet soda think Diet Coke. Because Diet Coke is an original just like you. Oh yeah and it’s incredibly refreshing. Always.,Diet Coke Caffeine-Free Cola Soda Pop  Fl Oz  Pack Bottles,438,438
29,00038000138416,PRG ORG 5 2OZ5 2,Pringles Potato Crisps Chips Lunch Snacks Snacks On The Go Original  Oz CanCrank up snacking moments with the outrageously delicious flavor and fun shape of Pringles Original Potato CrispsThe original stackable potato crisp seasoned with satisfying saltiness from edge to edgeAlways tasty never greasy; Kosher Pareve; Contains wheat ingredientsStack snack and savor at home and on the go; Pop open a can for sports games TV watching party time or any timeIncludes  -ounce can of ready to eat potato crisps; Packaged for freshness and great taste,What comes next after the “pop” of a Pringles Original can? The crisp tantalizing taste of potato that hits the spot every time. Includes  -ounce can of ingeniously shaped Pringles Original Potato Crisps. Insanely light crispy and never greasy each crisp is satisfyingly salty. With the convenient can it's easy to create your own snacking moments wherever and whenever. Bring a can for game time plus some for other Pringles fans. Stash a can in your work desk or pantry to eat anytime; Share Pringles at your next get-together to turn up excitement among family and friends. Get your hands on Pringles Original Potato Crisps for awesomeness that keeps you coming back stack after stack.,Pringles Potato Crisps Chips Lunch Snacks Snacks On The Go Original  Oz Can,438,438
39,00044600015941,Clorox Lemon Disinfectin Wet Wipe 35ct,DISINFECTING WIPES: Clorox Disinfecting Wipes are proven to kill COVID- Virus* in  seconds; cleans and kills % of viruses and bacteria with powerful triple-layered wipe; Package may varyALL-PURPOSE WIPE: These all-purpose disposable wipes remove common allergens germs and messes on surfaces like kitchen counters bathroom surfaces and more.MULTI-SURFACE CLEANER: Wipes are safe for finished wood sealed granite and stainless steel and on non-food-contact surfaces in the home office classroom pet area dorm and locker room.DISPOSABLE WIPES: This -count canister easily dispenses disposable antibacterial wipes that have a clean Fresh scent. Dispose of wipes according to manufacturer instructions.NO BLEACH: Disinfect and deodorize with Clorox Disinfecting Wipes for a bleach-free all-in-one cleaning alternative thats safe to use on toys and more.,Clorox Disinfecting Wipes clean disinfect and remove allergens for x cleaning power and leave a fresh Crisp Lemon scent. Disinfecting Wipes clean and disinfect with antibacterial power that kills % of viruses and bacteria that can live on surfaces including COVID-* Virus staph E. coli MRSA salmonella strep and Kleb. These all-purpose disposable wipes remove common allergens germs and messes on surfaces like kitchen counters bathroom surfaces and more and can prevent the growth of bacteria* for up to  hours. Wipes are safe to use on finished wood sealed granite and stainless steel. Disinfecting Wipes are also great on non-food-contact surfaces in the home office classroom pet area dorm and locker room. Clean with bleach-free wipes to keep dirt and germs away leaving behind a clean Crisp Lemon scent. *Kills SARS-CoV- on hard nonporous surfaces; *odor causing bacteria on non-food contact surfaces,Clorox Disinfecting Wipes Bleach Free Cleaning Wipes - Crisp Lemon  ct,438,438
46,00050400751163,Ball Park Hot Dog Buns 12 oz,Delicious and soft pre-sliced white buns for your favorite hot dogCreate a connection over your next meal with Ball Park Buns and RollsContains no high fructose corn syrup no saturated fat and no artificial flavors or colorsOur buns are a party staple for anyone who wants a taste of summer any time of year at your next celebrationFire up the grill with hot dogs brats Italian sausage and veggie dogs,Just because you can’t always make it to the ballpark doesn’t mean you can’t have a taste of it whenever the mood strikes. Ball Park Hot Dog Buns are an American favorite. Soft and delicious they are the perfect partner for a lightly grilled dog and a swirl of ketchup to share with teammates after the big game. Our buns make the perfect base for chili dogs with a sprinkling of onions and cheese or a loaded Chicagostyle dog for a buildyourown dog tailgating party before the Superbowl. Not in the mood for a hot dog? Use our hot dog buns for hoagiestyle sandwiches for dinner around the campfire. Our hot dog buns aren’t just handy for backyard cookouts; they’re also great for easy weeknight dinners for the family and for packing in your summer picnic basket for charcoal grilling some hot dogs for lunch at the park. Our freshly baked buns are a staple for camping tailgating pool parties or whenever a celebration is in order. For a lot of us grilling isn’t just something fun to do; it’s a way of life. Ball Park hot dog and hamburger buns deliver fresh taste and outstanding flavor. Our classic buns and rolls support your grilling needs no matter now big or small.,Ball Park White Hot Dog Buns  count  oz,432,432
32,00041167053508,GoldBond Ult Diabetc SkinRelief Lotion,INCLUDES: ONE () -oz. pump bottle of Gold Bond Hydrating Lotion Diabetics' Dry Skin ReliefIMPROVEMENT IN ONE HOUR: Nine out of  people with diabetes saw noticeable skin improvement in one hourSEVEN INTENSIVE MOISTURIZERS: Gold Bond Diabetics' Dry Skin Lotion soothes dry skin with aloe and  nourishing vitamins-HOUR MOISTURE: Gold Bond Diabetics' Dry Skin Lotion adds nourishing moisture for  hoursDERMATOLOGIST-TESTED: This skin-hydrating lotion has been tested by dermatologists and is hypoallergenic,Gold Bond Diabetics' Dry Skin Relief Lotion combines seven intensive moisturizers three vitamins and aloe to nourish and moisturize dry flaky skin. Nine out of  users noticed improvement within one hour** after using this fast-absorbing non-greasy formula. This hypoallergenic lotion will nourish and moisturize dry skin. Best of all this lotion is formulated for diabetics' dry skin and is fragrance-free. It's also the # lotion brand for diabetics' dry skin*. This Gold Bond lotion moisturizes diabetics' dry skin with no harsh acids so it is gentle enough for daily use when used as directed. DIRECTIONS: Apply liberally to dry rough or problem skin areas to accelerate moisturization. Reapply as often as needed.Your skin is a champion. One that never settles for silver. Gold Bond is high performance skin care for real life so you can be your best while keeping your skin at its best.*Nielsen Scantrack Syndicated Total US xAOC HBL Category Diabetic Dollars LW Ending **Data on file,Gold Bond Hydrating Lotion Diabetics' Dry Skin Relief  Oz.,423,423
57,00078742237336,GV CUT CORN 12OZ12.0OZ,Great Value Whole Kernel Corn -Ounce Steamable Bag  Frozen corn  No added chemicals preservatives or sugars   calories per serving  Microwavable - Ready in minutes  Enjoy in a recipe or on its own  Perfect for making homemade cornbread creamed corn or corn salad  Great Value provides a variety of canned vegetables and frozen vegetables  Great Value provides a variety of frozen vegetables including frozen mixed vegetables frozen peas frozen carrots frozen green beans frozen broccoli frozen cauliflower and more,Gather around the dining table with Great Value Whole Kernel Corn!Eating your veggies just got easier with Great Value Whole Kernel Corn. Whether you want to make a vegetable soup vegetable casserole or your very own homemade recipe Great Value Whole Kernel Corn has you covered. With no added chemicals or sugars Great Value Whole Kernel Corn is frozen to ensure long-lasting farm-fresh flavors perfect for delicious easy and quick dinner ideas. Great Value Whole Kernel Corn is not only fast and easy to prepare but sure to satisfy. Ready in minutes all you have to do is microwave the steamable bag or warm the frozen corn in a saucepan on the stove.About Great ValueGreat Value products provide families with affordable high-quality grocery and household consumable options. With our wide range of product categories spanning grocery and household consumables we offer you a variety of products for your family's needs. Our products are conveniently available online and in Walmart stores nationwide allowing you to stock up and save money at the same time.,Great Value Steamable Whole Kernel Corn Frozen  oz,421,421
2,00011115871324,Imperial Stick EC Veg Oil Sprd1Lb,Imperial Quarter Display Spreads:It will help complete all your baking needs this seasonWith low sodium% less cholesterolg Trans Fat Per Serving,Imperial % Vegetable Oil Spread  oz,Imperial Vegetable Oil Spread  oz  Sticks,420,420
22,00024100440702,Cheez-It Baked Snack Crackers 21 oz,Cheez-It Cheese Crackers Baked Snack Crackers Office and Kids Snacks Original  Oz BoxLight and crispy bite-sized snack crackers made with real cheese and a dusting of saltOur cheesy baked crackers are packed for convenience and make a delicious anytime snackMade with % real cheese aged for a bold taste; A classic family-favorite snack that's perfect for kids and adultsA travel-ready food; Makes a tasty bite at home or on the go; Ideal for gatherings parties snack spreads and more; Stow in lunchboxes totes and backpacksIncludes  -ounce family-sized box of ready-to-eat snack crackers; Packaged for freshness and great taste,Make snack time more fun with Cheez-It Original Baked Snack Crackers bite-size cheese crackers that are baked to crispy perfection. Cheez-It Baked Snack Crackers are the real deal - made with % real cheese that's been carefully aged for a yummy irresistible taste that's bursting with real cheese goodness in every crunchy bite. Each perfect square crisp is loaded with bold cheesy flavor that hits your taste buds with every delicious mouthful. A baked snack Cheez-It crackers are perfect for game time party spreads school lunches late-night snacking and more - the cheesy options are endless. Go ahead and enjoy your favorite cheese bite. You'll love the one-of-a-kind flavor of real cheese in every tasty handful of Cheez-It Original Baked Snack Crackers.,Cheez-It Cheese Crackers Baked Snack Crackers Office and Kids Snacks Original  Oz Box,410,410
23,00025500005188,FOLGERS CLASSIC RST COFFEE 48OZ,% pure coffee. Roasted in New Orleans LouisianaFinely ground coffeeInterlocking AromaSeal canister seals tight to lock in freshnessThe world's richest and most aromatic medium-roast finely ground coffee made with Mountain Grown beans,Folgers Classic Roast coffee is made from Mountain Grown beans the richest and most aromatic in the world. This classic medium-roast ground coffee has a fresh eye-opening aroma that will entice you every morning. Folgers Classic Roast coffee is classic for a reason—that consistently rich pure taste cup after cup and The Best Part of Wakin’ Up for more than  years.,Folgers Classic Roast Ground Coffee -Ounce,406,406
38,00044000069216,nan,One  oz family size box of Wheat Thins Original Whole Grain Wheat CrackersNutty wheat flavor for a rich whole grain snackThin square crackers are perfect for dipping or toppingBaked crackers feature a crunchy texturePair snack crackers with cheese and meat or enjoy by themselvesHighlights:One  oz box of Wheat Thins Original Wheat Crackers Nutty wheat flavor for a rich whole grain snack Thin square crackers are perfect for dipping or topping Baked crackers feature a crunchy texture Pair snack crackers with cheese or enjoy by themselvesOur mission at Mondelēz International is to create more moments of joy and build the best snacking company in the world by growing our people growing our business and growing our impact on the world around us.,Wheat Thins Original Whole Grain Wheat Crackers make evening snacking delicious. The nutty whole grain flavor makes these snack crackers the perfect cracker companion to so many toppings. Each serving delivers  grams of whole grains and these thin crackers contain no artificial flavors or colors. Serve these whole grain crackers with dip cheese or meat. Each box comes sealed for freshness.,Wheat Thins Original Whole Grain Wheat Crackers Family Size  Oz,402,402
28,00037000716501,FIX ADH ORGCRM 3X2 47 2OZ,You will receive () oz tubes of Fixodent Original Denture AdhesiveClinically Proven in full denture wearers Stronger Hold: Strong All-Day Hold + Food Seal + ComfortFormulated with Breath Bacteria ShieldADA Accepted - American Dental AssociationUse once a day for all-day hold! Experience Life Not DenturesPowerful seal helps to prevent food from getting between dentures and gum,Our most popular product Fixodent Original guarantees a great fit and a strong long hold. Eat drink laugh and talk with confidence when you use Fixodent Original. Clinically Proven in full denture wearers. Strong hold that lasts all-day:: Strong All-Day Hold + Food Seal + Comfort. Promotes a more comfortable denture fit with a powerful seal to help prevent food from getting between dentures and gums. Formulated with Breath Bacteria Shield Technology. Comes in a recyclable carton. From the # Dentist Recommended Brand*. ADA Accepted. Experience Life Not Dentures. *among dentists that recommend brands of adhesive,Fixodent Complete Original Denture Adhesive Cream  oz  Pack,399,399
10,00014100085478,Pepperidge Fm Goldfish Cheddar 6.6 Oz,BAKED WITH REAL CHEESE: Our Goldfish Cheddar snack crackers are a crunchable munchable snack-time favorite always baked with % real cheese.A SNACK EVERYONE CAN FEEL GOOD ABOUT: This irresistible little snack is always made with no artificial flavors or preservatives.ALWAYS BAKED NEVER FRIED: Keep munchable crunchable Goldfish crackers around for an anytime snack that everyone can feel good about.PERFECT FOR SHARING OR FOR ENJOYING SOLO: The great taste of Goldfish crackers is perfect for hanging out with friends or taking a snack break any time the mood hits.ADD EXCITEMENT TO YOUR MEALS: Add Goldfish Cheddar crackers to soups sprinkle them on salads or simply serve as a side to your lunchtime sandwich. GO FOR THE HANDFUL: The oz bag is perfect for snacking during movie nights and gametime or you can it with you for a satisfying  on-the-go snack.,The irresistible little snack that always delights! These munchable crunchable Goldfish Cheddar snack crackers are always baked with % real cheese and no artificial flavors or preservatives. They are a snack-time favorite everyone can enjoy whether you are looking for an on-the-go snack or just craving something delicious to munch on while streaming your favorite show. They're also the perfect companion to add a little cheesy crunchy excitement to your meals. For lunch add them to soups sprinkle them on salads or just simply munch on them as a side with your sandwich. For dinner crumble them up and use them to bread chicken breasts for an exciting spin on the ordinary. From snack time to meal time there are so many ways to enjoy the goodness of Goldfish. If you’re looking for a little more flavor in your life give our Goldfish Flavor Blasted Xtra Cheddar Cheddar Jack’d or Cheesy Pizza a try. Go for the handful!,Goldfish Cheddar Crackers Snack Crackers  oz bag,399,399
7,00012587000229,Glad: Clingwrap Plastic Wrap 300 sf,GLAD CLING N SEAL WRAP: Extend foods' freshness with X Freshness Protection with an airtight seal and moisture block technology; Packaging may varyPLASTIC FOOD WRAP: Glad Food Cling N Seal clings to multiple surfaces including glass metal and wood to keep leftovers fresh and prevent unwanted odorsCLING TIGHT WITHOUT A FIGHT: Glad Cling N Seal grips tight seals easy and is an ideal clinging wrap for steaming protecting and reheating food with superior cling technologyMICROWAVE SAFE PLASTIC WRAP: Glad Food Cling N Seal is made without BPA is microwave safe and stretches to fit a variety of foodsMULTIPURPOSE USE: Glad Food Cling N Seal was designed for a busy kitchen but doubles as a household staple for wrapping and storing everyday items with a superior easy to use cling for all ages,Glad Cling N Seal gives you X Freshness Protection with an airtight seal and moisture block technology. Glad Cling N Seal extends your foods freshness by keeping air out with a superior seal cling versus the national brand keeping your foods fresher longer based on moisture loss in produce versus no protection. Its easy to use roll makes protecting your favorite foods fast and simple. This food wrap is easy to handle and grips to a variety of surfaces such as glass and metal making it useful for portioning preparing steaming and protecting. Cling N Seal can be used outside of the kitchen too. It is great to use for preventing leaks in toiletries when traveling wrapping wet paint brushes to use later or keeping items in drawers when moving. Glad Cling N Seal is made without BPA and is microwave safe. Glad protects and seals with ease.,Glad Cling N Seal Plastic Food Wrap  Square Foot Roll,397,397
37,00044000046545,FIG NEWTONS ORIGINAL10 OZ,One  oz pack of Newtons Soft & Fruit Chewy Fig CookiesSoft cookies made with real fruit and no high fructose corn syrupFig bars with  g of whole grain per  gram servingPack these treat bars in a lunchbox for easy prep or grab these snack cookies for an on-the-go breakfast cookieResealable pack of cookies keeps the flavor of real fruit snacks freshOur mission at Mondelēz International is to create more moments of joy and build the best snacking company in the world by growing our people growing our business and growing our impact on the world around us.,Newtons Soft and Fruit Chewy Fig Cookies are made with real fruit for a delicious flavor. Designed in a classic square shape these cookies are soft and chewy for satisfying snacking. Each  gram serving of these low fat cookies includes  grams of whole grain and no high fructose corn syrup. Toss these fruit cookies in your purse or briefcase to avoid afternoon hunger pangs or include these fig snacks in your lunch for a special treat. These sweets also make delicious breakfast cookies. Resealable cookie packs keep these chewy cookies fresh.,Newtons Soft & Fruit Chewy Fig Cookies  oz Pack,397,397
26,00034000003303,YORK MINTS BAR,YORK Peppermint Pattie  oz:	Perfect for a sweet minty treat at home work or on the go	Delicious as they are or incorporated into desserts	Cool peppermint wrapped in rich dark chocolate	A gluten-free and kosher candy	You never know when you might want the sensation of cool peppermint wrapped in dark chocolate!	YORK Peppermint Patties are perfect for snacking sharing and adding as a topping to ice cream.,You never know when you might want the sensation of cool peppermint wrapped in dark chocolate! Be sure to have enough YORK Peppermint Patties on hand so you?ll be covered at home work and on the go. These delicious treats are perfect for snacking adding as a topping to ice cream and sharing with friends and family.,York Peppermint Pattie  oz,394,394
30,00038000138430,PRG SCO 5 5OZ5 5OZ,Pringles Potato Crisps Chips Lunch Snacks On The Go Snacks Sour Cream and Onion  Oz CanCrank up snacking moments with the delicious flavor and fun shape of Pringles Sour Cream and Onion Potato CrispsThe original stackable potato crisp seasoned with tangy sour cream and onion from edge to edgeAlways tasty never greasy; Kosher Dairy; Contains milk and wheat ingredientsPop open a can to stack and snack at home and on the go; Great for sports games TV watching party time or any timeIncludes  -ounce can of ready to eat potato crisps; Packaged for freshness and great taste,What comes next after the “pop” of a Pringles Sour Cream and Onion can? The crisp hit-the-spot taste of potato seasoned with zesty sour cream and onion. Includes  -ounce can of ingeniously shaped Pringles Sour Cream and Onion Potato Crisps. Insanely light crispy and never greasy each crisp is bursting with savory flavor. With the convenient can it’s easy to create your own snacking moments wherever and whenever. Bring a can to game time plus some for other Pringles fans; pack a can in your pantry or work desk to crunch anytime. Share Pringles at your next get-together to turn up the flavor and fun among family and friends. Get your hands on Pringles Sour Cream and Onion Potato Crisps for a tantalizing taste experience that keeps you coming back stack after stack.,Pringles Potato Crisps Chips Lunch Snacks On The Go Snacks Sour Cream and Onion  Oz Can,390,390
61,00078742351872,Great Value Reduced Fat 2% Milk 1G,Great Value % Reduced Fat Milk  gal:  Added vitamins A and D  % less fat than whole milk  Grade A  Pasteurized  Homogenized  Excellent source of protein and calcium, This Grade A quality milk is pasteurized and delivers fresh from the farm taste. This kitchen staple is great for using in cereal to bake desserts and more. This gallon of milk is also wonderful for milkshakes smoothies chocolate milk and more. Enjoy a delicious classic and serve a cold glass of this milk with soft chocolate chip cookies for dipping. It offers an abundance of nutritional benefits as it is a rich source of protein calcium potassium and vitamins A and D. With our wide range of product categories spanning grocery and household consumables we offer you a variety of products for your family's needs. Our products are conveniently available online and in Walmart stores nationwide allowing you to stock up and save money at the same time.,Great Value % Reduced Fat Milk Gallon  fl oz,388,388
34,00044000033255,Oreo Double Stff Choc Cookies 20oz,One  oz family size pack of OREO Double Stuf Chocolate Sandwich CookiesChocolate wafers stuffed with twice the OREO cremeChocolate sandwich cookies are supremely dunkable cookies for kids and adultsEnjoy as birthday treats lunchtime snack foods or after school snacksOREO Double Stuf cookies are great for parties and eventsHighlights:One  oz package OREO Double Stuf Chocolate Sandwich Cookies Chocolate wafers stuffed with twice the OREO creme Sandwich cookies are perfectly dunkable Enjoy as birthday treats or a sweet snack any day Family-size cookies are great for sharing with friends and familyOur mission at Mondelēz International is to create more moments of joy and build the best snacking company in the world by growing our people growing our business and growing our impact on the world around us.,OREO Double Stuf Chocolate Sandwich Cookies have been America's favorite cookie for over  years. Stuffed with twice as much original OREO creme these chocolate sandwich cookies are supremely dunkable. Double Stuf family size OREO cookies are great for sharing sweet snacks with friends or enjoying with a cold glass of milk. OREO Double Stuf cookies are also a hit as party snacks at your next gathering. During the day pack them as lunch snacks for school or work. The resealable family size snack with easy-pull tab keeps chocolate cookies fresh and is great for snacking sharing or traveling. Keep these family size snack foods on hand so you're ready for any snacking occasion.,OREO Double Stuf Chocolate Sandwich Cookies Family Size  oz,385,385
17,00019200771825,Lysol Wipes Citrus 80 ct,DISINFECTING WIPES KILLS % OF VIRUSES AND BACTERIA: Lysol Disinfecting Wipes are tested and proven to clean and kill % of viruses and bacteria including  cold and flu viruses* (when used as directed)​.KILLS COVID- VIRUS: Tested & proven to kill COVID- virus** (**Kills SARS-CoV- on hard non-porous surfaces in  seconds) EPA Reg #-​MULTI-PURPOSE CLEANING WIPES X STRONGER THAN A PAPER TOWEL: These disinfecting cleaning wipes are x stronger than a paper towel.USE ON MULTIPLE SURFACES: Germs and messes occur on more than kitchen and bathroom surfaces; conveniently tackle any tough surface including remotes tablets and smartphones with these multi-surface cleaning wipes.DISINFECTING WIPES FOR CLEANING: Disinfect and deodorize with the fresh smell of Lemon & Lime Blossom Lysol Disinfecting Wipes. Safely wipe down spills and remove allergens including pet dander dust mites and pollen​.LEADERS IN DISINFECTION: Looking for some of our other best disinfectant cleaning products? Try our Lysol All Purpose Cleaners Lysol Disinfectant Sprays and Lysol Toilet Cleaners.,Lysol Disinfecting Wipes can be used as a convenient way to clean and disinfect your household surfaces. Each pre-moistened disposable disinfecting wipe kills % of germs when used as directed. No bottles no sponges no mess. Lysol Disinfecting Wipes are great for cleaning most surfaces and disinfecting surfaces. These Lysol Wipes kills % of all viruses and bacteria including the following: Cold and Flu Viruses Salmonella Enterica (Salmonella) Influenza A Virus Herpes Simplex Virus Type  Respiratory Syncytial Virus and COVID- when used as directed on hard non porous surfaces. Each cleaning disinfecting wipe kills cold and flu viruses and helps stop the spread of germs perfect for touch-up cleaning. Lysol Wipes are also approved to remove more than % of allergens. Like germs allergens exist on hard surfaces. Use Lysol wipes as directed. These disinfecting wipes are even suitable to use on wood. How to Use Lysol Disinfecting Wipes? Pre-clean surface. Use enough fresh disinfectant wipe to thoroughly wet the surface. To Sanitize with these cleaning wipes: Allow to remain wet for  seconds. To disinfect with these cleaning wipes: Allow to wet for  minutes. To clean and remove allergens with these cleaning wipes: Use fresh wipe on surface. For surfaces that come in contact with food rinse thoroughly with water. Repeat for stubborn stains. For more than a century Lysol has been helping to protect families from illness-causing germs. To learn more about our mission and find further disinfecting solutions solutions for household cleaning and disinfectant spray products visit our website or check out our instagram. ​,Lysol Disinfectant Wipes Multi-Surface Antibacterial Cleaning Wipes For Disinfecting and Cleaning Lemon and Lime Blossom  Count,385,385
36,00044000034207,BelVita Banana BreadBreakfast Biscuits,One box with  packs  biscuit per pack of belVita Soft Baked Banana Bread Breakfast BiscuitsBanana bread flavored soft biscuits made with whole grainsSpecially baked banana snacks release up to  hours of nutritious steady energyOn the go breakfast snacks have no high-fructose corn syrup and no artificial flavors or sweetenersIndividually wrapped breakfast cookies are easy to grab and go and are a great alternative to soft breakfast barsHighlights:One box of belVita Soft Baked Banana Bread Breakfast BiscuitsBanana bread flavored soft biscuits made with whole grainsReleases up to  hours of nutritious steady energyNo high-fructose corn syrup and no artificial flavors or sweetenersIndividually wrapped breakfast bars are easy to grab and goOur mission at Mondelēz International is to create more moments of joy and build the best snacking company in the world by growing our people growing our business and growing our impact on the world around us.,The wholesome breakfast biscuits you enjoy minus the crunch belVita Soft Baked Banana Bread Breakfast Biscuits are chewy and oh so delicious. These soft breakfast snacks are made with nutritious whole grains. Gently baked for up to  hours of nutritious steady energy and portioned in convenient individual packs these soft baked cookies are wholesome breakfast snacks you can enjoy no matter what the morning brings. Made with no high-fructose corn syrup and no artificial flavors or sweeteners these individual snacks have  grams of whole grains and  grams of fiber per  gram serving and are a great alternative to soft baked breakfast bars. Each box of belVita Soft Baked Banana Bread Breakfast Biscuits contains  individually wrapped wholesome breakfast cookies easy to grab and go on busy mornings.,Belvita Soft Baked Banana Bread Breakfast Biscuits  oz  count,379,379
65,00078742370378,Great Value Evaporated Milk 12 oz,Great Value Evaporated Milk  oz:Perfect for baking cooking and creating delicious drinksIncludes added Vitamin DRecipe included under labelGreat For YouNo artificial flavors or colors,It provides a rich flavorful addition to your recipes. It provides g of protein and  calories per serving. Great Value Evaporated Milk is also kosher dairy. It's offered in several quantities to suit your needs.Our guarantee is our promise that you'll be fully satisfied with the quality of every Great Value product. If for any reason you aren't happy we'll replace it or refund your money. Whichever you prefer. All you need is the package. It's that simple. Guaranteed. ,Great Value Evaporated Milk  Fl Oz,378,378
55,00078742228037,GV Pure Cane Sugar 4lb,Great Value Pure Granulated Sugar  lb:Gluten-freeKosher pareveGreat Value granulated sugar flows freelyAn authentic sweet flavorCan be used to sweeten beveragesIdeal for baking various dessertsA good choice for preserving and canning many different foodsOnly  calories per servingPack size options: single  pack  packLarge bag for long-term useMakes for an ideal pantry stapleSuitable for everyday use at the tableDoes not turn hard or clump when properly stored,This Great Value Pure Granulated Sugar  lb has a variety of uses in the kitchen. Use it for baking bread and pastries or keep it at the table for everyday use. This all-purpose sugar is a good choice for preserving and canning foods. Keep it handy to sweeten your favorite beverages. Great Value granulated sugar is naturally gluten-free and safe for those who are sensitive to gluten. With only  calories per serving it's suitable for many diets. It adds an authentic sweet flavor to dishes. This sugar flows freely from the bag without getting hard or clumping together when properly stored. It's certified kosher and comes in a  lb bag that offers plenty of use over a long period of time. Keep in the pantry as a handy staple. This Great Value Pure Granulated Sugar  lb is available in multiple pack sizes.,Great Value Pure Granulated Sugar  lb,373,373
53,00078742127088,Great Value Lrg A Eggsct, eggsWhite largeUSDA Grade AGood source of protein,Great Value Large White Eggs are a delicious way to get in your daily recommended amount of protein for a healthy lifestyle. Our tasty eggs have received a Grade A rating from the USDA so you know you're purchasing a high-quality product. Serve them scrambled alongside some sourdough toast and blueberries or hard boil a few to take with you for a tasty wholesome snack on the go. You'll love the nutrients jam-packed into this tiny protein-filled superstar. Make breakfast time dinner time or anytime healthier with Great Value Large White Eggs.Great Value products provide families with affordable high quality grocery and household consumable options. With our wide range of product categories spanning grocery and household consumables we offer you a variety of products for your family's needs. Our products are conveniently available online and in Walmart stores nationwide allowing you to stock up and save money at the same time.,Great Value Large White Eggs  Count,373,373
40,00044700024102,Oscar Myer LchPep Flav Saus Pizza4.3oz,One  oz. Lunchables Pizza With Pepperoni Lunch CombinationsLunchables Lunch Combinations are packed with kids' favorites giving more choices for lunchtimeEach kit contains pizza crusts Kraft Mozzarella pizza sauce and pepperoniLunchables for kids are a ready to eat kit perfect for school lunchesOur mini pizzas are excellent source of protein with  g. of protein per servingEach pizza snack kit comes packaged in a convenient sealed tray with individual sections for each ingredientKeep the on-the-go package refrigeratedSNAP & EBT eligible food item,Lunchables Pizza With Pepperoni Lunch Combinations is the perfect choice for an on-the-go lunch while letting kids have fun with their food. Each convenient lunch kit includes pizza crusts pizza sauce Kraft mozzarella pasteurized prepared cheese product and pepperoni made with pork and chicken. Each kit makes three personal pizza snacks. Our pepperoni pizza kit is a fast and fun option for school lunch picnics or on-the-go snacking. Every easy lunch kit provides an excellent source of calcium and protein per serving with  grams of protein per serving. Keep Lunchables Pizza refrigerated.,Lunchables Pizza with Pepperoni Snack Kit  oz Tray,373,373
54,00078742223759,GV Hamburger Buns 8ct,Great Value Hamburger Buns  oz  count:Great for barbecuesGood source of thiamin bunsNet weight  oz,Great Value White Hamburger Buns are soft delicious and freshly baked. They are perfect for backyard barbecues picnics and outdoor gatherings. Create a delicious flame-grilled burger topped with cheese ketchup mustard onion tomato and lettuce. Or get creative and substitute for sandwich bread and fill with all of your favorite meats cheeses and vegetables. Made with high-quality ingredients these perfectly-crafted buns are a good source of iron folic acid and thiamine. Each -ounce package comes with eight buns so there will be plenty to go around. Make your next barbecue a little more special with Great Value Enriched Hamburger Buns.Great Value products provide families with affordable high-quality grocery and household consumable options. With our wide range of product categories spanning grocery and household consumables we offer you a variety of products for your family's needs. Our products are conveniently available online and in Walmart stores nationwide allowing you to stock up and save money at the same time.,Great Value Hamburger Buns  Count  oz,364,364
60,00078742351865,Great Value Vitamin D Milk 1 gal,Great Value Whole Milk  gal:Added vitamin D% milkfatGrade APasteurizedHomogenizedExcellent source of protein and calcium,Enjoy the wholesome goodness of Great Value Whole Milk at any time. This Grade A quality milk is pasteurized and delivers fresh from the farm taste. This kitchen staple is great for using in cereal to bake desserts and more. This gallon of milk is also wonderful for milkshakes smoothies chocolate milk and more. Enjoy a delicious classic and serve a cold glass of this milk with soft chocolate chip cookies for dipping. It offers an abundance of nutritional benefits as it is a rich source of protein calcium potassium and vitamin D. Our farms have pledged to not treat any cows with any artificial growth hormones.Great Value products provide families with affordable high quality grocery and household consumable options. With our wide range of product categories spanning grocery and household consumables we offer you a variety of products for your family's needs. Our products are conveniently available online and in Walmart stores nationwide allowing you to stock up and save money at the same time.,Great Value Whole Vitamin D Milk Gallon  fl oz,361,361
8,00013000006057,HeinzKetchup 32 oz,One  oz. bottle of Heinz Tomato KetchupHeinz Tomato Ketchup uses sweet juicy red ripe tomatoes for the signature thick and rich taste of America’s Favorite Ketchup®.Thick & Rich ketchup made from red ripe tomatoesThis tomato ketchup has a thick and rich textureContains gluten free ketchup to fit your preferencesPerfect for sandwiches burgers and hot dogs or as a dipping sauce for fries and other favorite foodAmerica's Favorite Ketchup comes in a squeezable ketchup bottle for convenient dispensing,Heinz Tomato Ketchup is made only from sweet juicy red ripe tomatoes for the signature thick and rich taste of Americas Favorite Ketchup. Did you know that every tomato in every bottle of Heinz Ketchup is grown from Heinz seeds? Grown not made... One reason why nothing else tastes like Heinz! The thick texture makes our ketchup perfect as a topping or for dipping. It's gluten free and great for those keeping Kosher to fit your preferences. Reach for our ketchup at every cookout to top your favorite burgers hot dogs and fries. Packed in -ounce ketchup bottles for easy sharing this condiment is your go-to option for gatherings and everyday meals.,Heinz Tomato Ketchup  oz Bottle,358,358
66,00078742371177,Great Value Pure Sugar 10 Lb,NaturalGluten freeKosherFor baking and morelb bag contains about  servings,Great Value Pure Granulated Sugar is nature's sweetener. This finely granulated free-flowing all-purpose sugar is a pantry essential. It is ideal for table use baking preserving canning and sweetening beverages. Our sugar is a key ingredient in classic cookie recipes candies and truffles muffins syrups cakes and pies. Naturally gluten-free and with only  calories per serving it adds a wonderfully authentic sweet flavor to your food and drinks. When any recipe calls for this essential ingredient be prepared with Great Value Pure Granulated Sugar.Great Value products provide families with affordable high quality grocery and household consumable options. With our wide range of product categories spanning grocery and household consumables we offer you a variety of products for your family's needs. Our products are conveniently available online and in Walmart stores nationwide allowing you to stock up and save money at the same time.,Great Value Pure Granulated Sugar  lb,356,356
64,00078742370064,GV All Purpose Bleached Flour 5 Lb,Product Features  Bleached enriched wheat flour  Great for cookies pancakes waffles bread biscuits muffins pizza crust rolls donuts and more!  Thickening agent for sauces batters and breading  LB,Our All-Purpose Bleached Flour makes sure that your next baked good will rise to the occasion. This carefully milled blend helps achieve great volume and texture in your favorite baked goods and snacks like cookies muffins pizza crust doughnuts batters breading and more!,Great Value All-Purpose Flour LB Bag,353,353
70,00078742433042,Great Value SweetendCondnsed Milk 14oz,Great Value Sweetened Condensed Milk  oz:  Versatile ingredient for a variety of dishes  Use in tea or coffee add to mixes for cookies and cakes or use simply to top ice cream and pies  Include it into curries for a spin on the classic coconut milk base  &nbsp;Kosher,Great Value Sweetened Condensed Milk is a handy ingredient to have for making a wide variety of desserts. The sweet and rich milk is created by reducing milk down to remove water content while adding sugar. The result is a shelf-stable ingredient that can be used in multiple ways making it an ideal pantry staple for the home cook. Use in tea or coffee for an extra flavorful beverage with minimal effort. Add to mixes for cookies and cakes or use simply to top ice cream and pies. Drizzle over a bowl of fresh fruit for a lighter dessert. Include the sweetened condensed milk into curries for a spin on the classic coconut milk base. Add to pudding mix for more sweetness. Try making your own ice cream at home by using this condensed milk with fruit. The cooking possibilities are numerous with Great Value Sweetened Condensed Milk.Great Value products provide families with affordable high quality grocery and household consumable options. With our wide range of product categories spanning grocery and household consumables we offer you a variety of products for your family's needs. Our products are conveniently available online and in Walmart stores nationwide allowing you to stock up and save money at the same time.,Great Value Sweetened Condensed Milk  oz,341,341
67,00078742372211,Great Value Lite Brown Sugar2 lb,Great Value Light Brown Sugar  oz:Perfect for all of your baking needsA staple in cookie brownie pie and cake recipesUse it to make an unexpected sweet and spicy rub or marinade for meat or poultry calories per serving,Add a little sweetness to your day with Great Value Light Brown Sugar. Perfect for all of your baking needs Great Value Light Brown Sugar is a staple in cookies brownies pies and cakes. Brown sugar will help a sugar cookie spread thin while keeping an oatmeal cookie plump and chewy and will add a depth of flavor to your favorite gingersnap recipe. For a bit of a twist use brown sugar in stir fries make a sweet and spicy rub or marinade for meat or poultry or use brown sugar with some butter to glaze vegetables like carrots parsnips and onions. Pick up some Great Value Light Brown Sugar for your pantry today. Great Value products provide families with affordable high-quality grocery and household consumable options. With our wide range of product categories spanning grocery and household consumables we offer you a variety of products for your family's needs. Our products are conveniently available online and in Walmart stores nationwide allowing you to stock up and save money at the same time.,Great Value Light Brown Sugar  Lb,335,335
43,00049000012781,Coca-Cola Classic Coke 24 Ct, cans of Coca-Cola Original Taste—the refreshing crisp taste you know and loveGreat taste since  mg of caffeine in each  oz serving FL OZ in each canThis sparkling beverage is best enjoyed ice-cold for maximum refreshment,Soda. Pop. Soft drink. Sparkling beverage. Whatever you call it nothing compares to the refreshing crisp taste of Coca-Cola Original Taste the delicious soda you know and love. Enjoy with friends on the go or with a meal. Whatever the occasion wherever you are Coca-Cola Original Taste makes life’s special moments a little bit better. Carefully crafted in  its great taste has stood the test of time. Something so delicious so unique and so familiar it’s what makes you think “Coca-Cola” whenever you hear “soft drink.” Between that perfect taste and refreshing fizz it’s sure to give you that “ahhh” moment whenever you want it. Coca-Cola is available in many different options in addition to Original Taste including a variety of all-time favorite flavors like Coca-Cola Cherry and Coca-Cola Vanilla. Looking for something zero sugar or caffeine free? Then look no further than Coca-Cola Zero Sugar and Coca-Cola Caffeine Free. Whatever you’re looking for in a soda there’s a Coca-Cola to satisfy your taste buds. Every sip every “ahhh” every smile—find that feeling with Coca-Cola Original Taste. Best enjoyed ice-cold for maximum refreshment. Grab a Coca-Cola Original Taste take a sip and find your “ahhh” moment. Enjoy Coca-Cola Original Taste.,Coca-Cola Original Soda Pop  Fl Oz  Pack Cans,332,332
62,00078742351919,GV Distilled Water 1 Gal,Great Value Distilled Water  Gallon:Distilled waterProcessed by steam distillationRecyclable container-gallon jug,With Great Value Distilled Water you can be certain you're getting the purest cleanest water available. The steam distillation process removes contaminants chemicals and bacteria leaving behind perfectly pure water. Use Great Value Distilled Water as a handy alternative to tap water for drinking taking camping using in small household appliances such as irons and vaporizers filling freshwater aquariums or using in medical devices such as CPAP machines. This convenient one-gallon jug also makes it easy to water plants or fill car cooling systems. With so many uses you’ll find yourself reaching for Great Value Distilled Water again and again.Great Value products provide families with affordable high-quality grocery and household consumable options. With our wide range of product categories spanning grocery and household consumables we offer you a variety of products for your family's needs. Our products are conveniently available online and in Walmart stores nationwide allowing you to stock up and save money at the same time.,Great Value Distilled Water  Gallon,331,331
27,00034500151368,LandOLakes Salted Butter Sticks 1 lb,Gluten-FreeMade with Pasteurized Sweet CreamFirst qualityKosher - Dairy,Land O Lakes® Salted Butter is the all-purpose butter that improves the taste of everything it touches. It's the original sweet cream butter made with farm fresh milk that never lets your taste buds down. Enjoy the buttery taste you love spreadable right out of the fridge. Salted butter complements the classics like grilled cheese sandwiches with a golden crispy edge or pan fried steak seared to perfection. Plus every stick comes with our FlavorProtect® Wrapper to protect the pure dairy flavor you love.All Together Better™We are proud to be farmer-owned because we share a belief that together we are better.  years later and + dairy farmer strong we still believe working side-by-side makes us and our butter better.,Land O Lakes® Salted Butter  lb in  Sticks,321,321
58,00078742237343,GV CUT GREEN BEANS12.0OZ,Great Value Cut Green Beans -Ounce Steamable Bag  Frozen green beans  No added chemicals preservatives or sugars   calories per serving  Microwavable - Ready in minutes  Enjoy in a recipe or on its own  Perfect for making homemade green bean casserole green bean salad or southern style green beans  Great Value provides a variety of canned vegetables and frozen vegetables  Great Value provides a variety of frozen vegetables including frozen mixed vegetables frozen peas frozen carrots frozen broccoli frozen corn frozen cauliflower and more,Gather around the dining table with Great Value Cut Green Beans!Eating your veggies just got easier with Great Value Cut Green Beans. Whether you want to make a vegetable soup vegetable casserole or your very own homemade recipe Great Value Cut Green Beans have you covered. With no added chemicals or sugars Great Value Cut Green Beans are frozen to ensure long-lasting farm-fresh flavors perfect for delicious easy and quick dinner ideas. Great Value Cut Green Beans are not only fast and easy to prepare but sure to satisfy. Ready in minutes all you have to do is microwave the steamable bag or warm the frozen green beans in a saucepan on the stove.About Great ValueGreat Value products provide families with affordable high-quality grocery and household consumable options. With our wide range of product categories spanning grocery and household consumables we offer you a variety of products for your family's needs. Our products are conveniently available online and in Walmart stores nationwide allowing you to stock up and save money at the same time.,Great Value Steamable Cut Green Beans Frozen  oz,321,321
52,00078742127071,Great Value Lrg A Eggct,Great Value Large White Eggs -Count  oz: eggsWhite Great Value large eggsUSDA Grade ANice source of proteinUSDA Grade A eggs are easy to serve scrambled over easy poached and moreUse them in your baking recipes for cookies cakes and pastriesGreat Value products provide families with affordable high-quality grocery and household consumable options. With our wide range of product categories spanning grocery and household consumables we offer you a variety of products for your family's needs. Our products are conveniently available online and in Walmart stores nationwide allowing you to stock up and save money at the same time.,Keep a supply of these Great Value Large White Eggs in your refrigerator. They're a delicious way to get in your daily recommended amount of protein for a healthy lifestyle. These tasty Great Value large eggs are suitable to prepare in a wide variety of ways. Serve them scrambled alongside some rye toast and sliced strawberries or hard boil a few to take with you for a wholesome snack on the go. There are plenty of nutrients jam-packed into this tiny superstar. Make breakfast time dinner time or anytime healthier with these USDA Grade A eggs. Crack open a few for your favorite baking recipes. Use them to make some chocolate chip cookies or a tall cake. These Great Value large eggs come in a  oz pack of .,Great Value Large White Eggs  Count,319,319
56,00078742229539,GV 100% Apple Juice 96 Fl Oz,Contains % of daily vitamin C requirement per servingNo sugar addedPasteurized,Your next party can be a hit among friends and family when you have a bottle of Great Value % Apple Juice in your house. This beverage has a delicious mix of carefully chosen ingredients allowing you to savor every sip of the drink. It has no added sugar and it satisfies % of your daily requirement of vitamin C making it great for your health. This juice combines the taste quality and variety of fresh and juicy apples in a convenient bottle that you can enjoy anytime anywhere.Great Value products provide families with affordable high quality grocery and household consumable options. With our wide range of product categories spanning grocery and household consumables we offer you a variety of products for your family's needs. Our products are conveniently available online and in Walmart stores nationwide allowing you to stock up and save money at the same time.,Great Value % Apple Juice  Fl. Oz.,315,315
63,00078742352008,Great Value Vitamin D Milk 0.5 gal,  Milk Vitamin D  No artificial growth hormones  Grade A  Pasteurized  Homogenized   fl oz,Great Value Vitamin D Milk is an essential item to have in the fridge to drink add to recipes or pour over your cereal. It's available in a -gal container that's easy to store and use. This Great Value whole milk contains vitamin D which is a vital nutrient to add to your already balanced diet. It's both pasteurized and homogenized to ensure that it's safe and doesn't sacrifice the great taste.  Each serving of this item is only  calories. It has a handle on the side that makes it easy to use and pour.Great Value products provide families with affordable high-quality grocery and household consumable options. With our wide range of product categories spanning grocery and household consumables we offer you a variety of products for your family's needs. Our products are conveniently available online and in Walmart stores nationwide allowing you to stock up and save money at the same time.,Great Value Whole Vitamin D Milk Half Gallon  fl oz,312,312
51,00078742097282,Great Value Hot Dog Buns 8 ct,Great Value Hot Dog Buns White  oz  Count:Enriched white hot dog bunsSoft and deliciousClassic addition to hot dogs and bratwurstsPerfect for bringing to barbeques potlucks special occasions and moreNo high fructose corn syrup,Great Value White Hot Dog Buns are soft delicious and a perfect addition to your next meal. They are an excellent choice for bringing along to backyard barbeques picnics special occasion celebrations and outdoor gatherings alike. Grill a hot dog or bratwurst and top it off with ketchup mustard onion sauerkraut and relish for a classic bite or get creative and substitute one of our hot dog buns for sandwich bread and fill it up with all of your favorite meats veggies cheeses and garnishes. Our enriched white hot dog buns are made with high-quality ingredients and no high fructose corn syrup. Each -ounce package comes with eight buns so there will be plenty to go around. Make your next barbeque a little more special with our Great Value White Hot Dog Buns.Great Value products provide families with affordable high-quality grocery and household consumable options. With our wide range of product categories spanning grocery and household consumables we offer you a variety of products for your family's needs. Our products are conveniently available online and in Walmart stores nationwide allowing you to stock up and save money at the same time.,Great Value Hot Dog Buns White  oz  Count,304,304
68,00078742374192,GV Sweet Crm Salted Butter Stcks 16oz,Great Value Sweet Cream Salted Butter  oz  Count:USDA offically graded AASmooth creamy and delcious butterIdeal for baking and cookingPerfect spread for toast or topping for vegetables and moreTrans fat-free and gluten-free,Great Value Sweet Cream Salted Butter is a smooth creamy and delicious butter that comes with the perfect mix of salty and sweet. It is made from only two ingredients: cream and salt. It is Real Seal certified and USDA officially graded AA. It is an all-purpose butter that is naturally gluten-free and trans-fat free. It is perfect for spreading on breads for topping veggies and pasta for baking or pan-frying and for using in a number of other recipes. Enjoy the deep sweet flavors with just the right amount of salt and bring your foods to life every day with Great Value Sweet Cream Salted Butter.Great Value products provide families with affordable high quality grocery and household consumable options. With our wide range of product categories spanning grocery and household consumables we offer you a variety of products for your family's needs. Our products are conveniently available online and in Walmart stores nationwide allowing you to stock up and save money at the same time.,Great Value Salted Sweet Cream Butter  oz  Sticks,300,300
50,00078742012285,GV White Sandwich Bread 20 oz,Sandwich breadgood source of folic acid grams of trans fatNet weight  oz,Great Value White Bread has a fresh from the bakery taste. The soft texture is perfect for sandwiches burgers and toast. Use it to make hand crafted sandwiches filled with all your favorite meats cheese and veggies. Toast and serve with scrambled eggs crispy bacon and pancakes for a filling breakfast. It offers nutritional benefits as it a good source of folic acid and thiamine. Enjoy tasty sandwiches with the addition of Great Value White Sandwich Bread.Great Value products provide families with affordable high quality grocery and household consumable options. With our wide range of product categories spanning grocery and household consumables we offer you a variety of products for your family's needs. Our products are conveniently available online and in Walmart stores nationwide allowing you to stock up and save money at the same time.,Great Value White Bread Loaf  oz  Count,294,294
20,00021000040407,PHILLY RF 2ct BRICK16.0OZ,Two  oz. boxes of Philadelphia / Less Fat Cream CheeseOur lower fat cream cheese is made with fresh milk and real cream/ less fat than regular cream cheesePhiladelphia Cream Cheese contains no preservativesMade with milk that’s fresh from the farm to our creamery in just  daysAdds a touch of rich creamy flavor to any recipeKeep refrigeratedCertified Kosher cream cheese,Philadelphia / Less Fat Cream Cheese delivers the same delicious taste of cream cheese with / less fat. Our lower fat cream cheese is made with fresh milk and cream. It's perfect for making creamy cheesecake for any get-together or occasion. Discover just how easy it is to make cheesecake with Philadelphia. Try it in delicious recipes like dips appetizers and cream cheese frosting. Each package of lower fat cream cheese comes with two  oz. boxes.,Philadelphia Neufchatel Cheese with / Less Fat than Cream Cheese  ct Pack  oz Bricks,270,270
59,00078742279091,nan,Great Value Purified Drinking Water  fl. oz. -count  Bottles are easy to hold and transport   pack of water bottles fits in most standard cup holders          Twist off caps      Clean and delicious taste      ,Rest assured you're drinking or using the purest water available with Great Value Purified Drinking Water Value Pack. The purification process for purified water removes contaminants and chemicals while leaving the minerals needed for health and flavor. Whether you're drinking it or using it for health care or food preparation you can be confident that it's pure water and nothing else. This value pack contains  half-liter bottles that can be recycled. Keep your family safe and healthy with Great Value Purified Drinking Water Value Pack. Great Value products provide families with affordable high-quality grocery and household consumable options. With our wide range of product categories spanning grocery and household consumables we offer you a variety of products for your family's needs. Our products are conveniently available online and in Walmart stores nationwide allowing you to stock up and save money at the same time.,Great Value Purified Drinking Water  Fl Oz  Count Bottles,204,204
15,00017000047287,Dial Antibact Spring Water Hand Soap,GENTLE AND MOISTURIZING: Moisturizing as it cleans this soothing liquid keeps even hard-working hands soft as well as delightfully scented.PROTECT AGAINST BACTERIA: Kills  percent of bacteria (bacteria encountered in household settings).TOUGH BUT GENTLE: Cleansing and conditioning blend together beautifully in a hand wash that's mild for the whole family.FOR THE FAMILY: Pass on the Dial heritage to the hands you care about most. Formulated to be gentle on skin even on the smallest hands.HOW TO USE: . Pump into hands . Lather vigorously in hands for at least  seconds . Rinse clean with water . Enjoy soft healthy feeling hands.,This hydrating liquid hand soap is mild enough for frequent use and it kills % of bacteria found in the household making it perfect for your whole family. Awaken your senses as you wash with the natural and refreshing scent of Spring Water that’ll leave you with healthy feeling skin plus a brisk scent the whole family will love. Find refreshment in a hand wash that removes dirt and bacteria while conditioning skin. Feel the sensation of dipping your hands into a natural spring for an invigorating clean with our Dial Complete Antibacterial Liquid Hand Soap Spring Water refill.,Dial Antibacterial Liquid Hand Soap Refill Spring Water  fl oz,160,160
4,00012000504051,Pepsi Cola 16.9oz/6ct,  Bold refreshing cola  Live For Now  Includes  bottles of Pepsi soda,Pepsi - the bold refreshing robust cola,Pepsi Cola Soda Pop  oz  Pack Bottles,157,157
12,00016000275638,Total Whole Grain Cereal 16 oz,CEREAL: Wholesome crunchy whole grain wheat flakes cereal that the entire family will enjoy. A pantry staple packed with nutrients and whole grainsHEALTHY CEREAL: Total Cereal features  calories per serving and is perfect for breakfast or snack timeWHOLE GRAIN: Made with  grams of whole grain per serving (At least  grams recommended daily)NUTRITIOUS SNACK: Contain % of the daily value of  vitamins and mineralsBOX CONTAINS:  ozBOX TOPS FOR EDUCATION: Proud to support schools and teachers as an official participating product,We believe in the goodness of whole grain cereal. Cereal is packed with nutrients and contains complete grains which can help fuel your morning. That's why whole grain is the first ingredient in all Big G cereals and why Total Whole Grain. First Ingredient is Whole Grain (g whole grain per serving - At least g recommended daily). A whole grain food is made by using all three parts of the grain. All General Mills Big G cereals contain more whole grain than any other single ingredient.,Total Breakfast Cereal with Whole Grain Flakes  oz,157,157
16,00019100110007,Jergen Ultra Heal X Dry Moist 32oz,HELPS RELIEVE DRY SKIN - Jergens Ultra Healing Moisturizer helps to improve skin's appearance and texture.EXTRA DRY SKIN LOTION - Absorbs into extra dry skin including typically rough spots like heels elbows and knees.HELPS TO REPAIR DRY SKIN - Penetrates five layers of skin and reduce dryness at the source.VISIBLY HEALTHIER SKIN - With continual use of Jergens Ultra Healing Dry Skin Moisturizer skin is nourished and looks visibly healthier over time.FORMULATED WITH QUALITY INGREDIENTS - A unique formulation with HYDRALUCENCE blend of ingredients combined with Vitamins C E and B to leave skin luminous.DISCLAIMER - Holiday designs on the main image are for decoration only. The item will be sold without any embellishments.,Repair dryness at the source with Jergens Ultra Healing Moisturizer for Extra Dry Skin. The nourishing formula penetrates through five layers of skin’s surface to heal extra dry skin improve tone and texture and leave it smooth and visibly healthier. The formula absorbs to soften areas that tend to need the most moisture like heels elbows and knees. This body moisturizer with a unique HYDRALUCENCE blend of ingredients plus Vitamins C E and B leaves your skin luminous and moisturized for up to  hours. Our Beauty Promise: Our Jergens Family believes in letting your beautiful shine. As we have learned from our mothers passed down from generation to generation Beauty is so much more than skin deep. Whether you are looking to illuminate hydrate revitalize nourish restore or heal every one of our products are thoughtfully designed to bring out your skin’s beauty in a way that reflects your true self. Because we know when the real you shines through you make the world a more beautiful place… every single day. Our travel size lotions are perfect adult stocking stuffers this holiday season. Satisfaction Guarantee. Limitations may apply.,Jergens Ultra Healing Dry Skin Moisturizing Body Lotion  fl oz,147,147
19,00019800401092,Drano Max Gel Clog Remover 2 Qt,Drano Max Gel Clog Remover is the # Selling Gel Drain Cleaner*Gets to work in as quick as  minutesPours through standing water straight to the clogSafe for garbage disposals bathroom kitchen and other drains like laundry sinksCan leave in drains overnightHas an ingredient to protect pipes from corrosion,Drano Max Gel Clog Remover is the # Selling Gel Drain Cleaner*. The thick bleach formula in Drano Max Gel Clog Remover cuts right through standing water clinging to your toughest clogs to blast them fast. It works great to remove hair soap scum and other gunky clogs. Conquer tough clogs whenever they happen. *SC Johnson & Sons Inc. calculation based in part on data reported by Nielsen through its ScanTrack Service for the Drain and Disposal Cleaners category for the -week period ending // for the total U.S. market xAOC according to the Nielsen standard product hierarchy. Copyright  Nielsen Consumer LLC.,Drano Max Gel Clog Remover  oz,141,141
5,00012000809941,Pepsi 12Oz 12Ct,  The bold refreshing cola born in New Bern NC in  and still bottled in the USA  Perfect for parties meals and celebrations big and small  Includes ()  oz cans   calories per can,Pepsi Cola  fl oz  count,Pepsi Cola Soda Pop  oz  Pack Cans,141,141
0,00009800800254,Nutella 33.5 oz,One  oz jar of delicious Nutella hazelnut spread the perfect topping for baking pancakes waffles toast and more!The Original Hazelnut Spread…unique in all the world.Made from quality ingredients like roasted hazelnuts and cocoa.Packaged in the iconic Nutella jar.What to eat with pancakes? Whether it's a pancake mix or homemade flapjacks try the spread that's perfect with pancakes on Pancake Day or any day of the year,The great taste of Nutella makes weekend breakfasts even more special. Spread it on warm toast bananas pancakes waffles it’s up to you. Nutella is a quick easy way to bring a smile to the breakfast table. And you can feel good knowing it’s made with quality ingredients like roasted hazelnuts and cocoa. No wonder The Original Hazelnut Spread is a favorite all over the world. Your weekend deserves Nutella.,Nutella Chocolate Hazelnut Spread Perfect on Pancakes  oz Jar,128,128
13,00016000409811,Betty Crocker White Cake Mix 16.25oz,CAKE MIX: Betty Crocker's super moist white cake mix is made with no preservatives and no artificial flavors.QUICK AND EASY: Make cake without the usual mess; just add a few simple ingredients as directed and pop in the oven for a sweet treat any time of day.ENDLESS OPTIONS: Prepare cake mix as is or head to BettyCrocker.com for creative dessert recipes the whole family will love.GREAT TASTE: The Red Spoon is my promise of great taste quality and convenience; This is a product you and your family will enjoy I guarantee it - Betty Crocker.BOX CONTAINS:  box  oz,Whatever the mood or the occasion there's always a reason to indulge in a freshly baked slice of fluffy white cake. With the Betty Crocker Super Moist White Cake Mix baking the perfect cake is simply minutes away. It only takes a few minutes to bring this cake mix from the box to the oven. Whether the occasion is a weekday treat or a fancy celebration the Betty Crocker Super Moist White Cake Mix is sure to delight the taste buds.,Betty Crocker Super Moist White Cake Mix  oz,128,128
1,00010900003308,Reynolds CutRite Wax Paper 75sf,Microwave SafeNon-StickEasy CleanupResponsibly Sourced PaperKosher,Reynolds Cut-Rite Wax Paper is useful for everything from prepping and reheating food to preventing messes and making art projects. This disposable wax paper has a nonstick surface that food does not stick to so cleaning up after spooning out drop candies or chocolate-covered fruits and pretzels is a fast fuss-free and efficient endeavor. Foods lift off easily without leaving behind a mess so your kitchen stays clean and your food looks great. Spread out a Reynolds wax paper roll to catch the mess when you're peeling potatoes shredding cheese or dicing onions. Your countertop stays cleaner and you can just roll up your prepped food or discarded potato peels for easier handling afterwards. Don't forget to use this microwave safe wax paper to minimize splattering when reheating spaghetti sauce or other foods. This disposable kitchen paper also works as a protective barrier for tables desks and counters whether you're cooking or creating art.,Reynolds Cut-Rite Wax Paper,116,116
41,00048001213487,Hellmanns Real Mayonnaise 30oz,Hellmann's Real Mayonnaise Condiment Real Mayo Gluten Free Made With % Cage-Free Eggs  ozEnjoy the creamy delicious taste of Hellmann’s Real Mayonnaise a naturally gluten-free condimentThis gluten-free real mayo is made with real simple ingredients like % certified cage-free eggs oil and vinegarAn ideal condiment for spreading on sandwiches and wraps grilling juicy burgers mixing creamy dips and preparing fresh salad dressings and simple meals.Rich in Omega -ALA (contains mg ALA per serving which is % of the g Daily Value of ALA) this is a great option for those looking for delicious gluten-free condimentsThis mayo is ideal for commercial kitchens restaurants catering services and more. Thoroughly-emulsified egg mayonnaise maintains cling and stability even when heatedHellmann’s mayonnaise bottles and jars are now made from % recycled plastic,"Hellmann's Real Mayonnaise is proudly made with real simple ingredients like cage-free eggs oil and vinegar. We know that to really ""Bring Out The Best"" we need to do more than just taste great. That’s why our delicious Blue Ribbon Quality Mayonnaise is made with real eggs oil and vinegar sourced from trusted American farms. Even after  years we’re still committed to using premium ingredients to craft the highest quality mayonnaise. It's simple. We use the finest real ingredients in Hellmann's Real. In fact we use % cage-free eggs and are committed to % responsibly sourced soybean oil. Our authentic mayonnaise is rich in Omega -ALA (contains mg ALA per serving which is % of the g Daily Value for ALA) and is also gluten-free and certified kosher. And nothing beats the taste of real mayo. It’s the ideal condiment for spreading on sandwiches and wraps grilling juicy burgers mixing creamy dips and preparing fresh salads or dressing. Use it to make outrageously delicious meals like our Parmesan Crusted Chicken and Best Ever Juicy Burger and even turn your Thanksgiving leftovers into a deliciously creamy meal with our Turkey Casserole. Hellmann’s is known as Best Foods West of the Rockies. Discover our recipes products information about our sourcing and more on our website Hellmanns.com.",Hellmann's Real Mayonnaise Condiment Real Mayo Gluten Free Made With % Cage-Free Eggs  oz,111,111
14,00016000468139,Gardettos Garlic Rye Chips 14oz,RYE CHIPS: An irresistible snack with a big bold taste and a whole bag of delicious rye chipsSNACK MIX: Now by special request we bring you the exclusive rye chip you've been asking for authentically seasoned with Gardetto's signature recipeFAMILY FAVORITE: Stock your pantry with delicious roasted garlic rye chips to share with friends and family for a uniquely delicious taste experienceGARDETTO'S SPECIALITY: Crafted with you in mind featuring a snack of only your favorite crunchy garlic piecesCONTAINS:  oz bagBOX TOPS FOR EDUCATION: Proud to support schools and teachers as an official participating product,At Gardetto's the passion for what we do has always been about the little things. And because of the overwhelming love you've shared for our double roasted rye chips we've baked up this Special Request --snack of only your favorite crunchy garlic pieces. Special Request . Crafted with you in mind.,Gardetto's Double Roasted Garlic Rye Chips  oz Bag,100,100
